FULLNAME,EMAIL,ADDRESS,ZIP,CREDITCARD,BALANCE,UPPER_FULLNAME,FIRSTNAME,LASTNAME
Jason J Garcia,unhideable1966@gmail.com,67 John Maher Extension,31353,2524 2317 2139 4751,21511,ALTHA FREDERICK,Jason,Garcia
Tessa M Garcia,allgood1803@outlook.com,1200 Madera Plaza,1922,4756 0997 9568 1329,13850,NICKOLAS HARVEY,Tessa,Garcia
Rachel Evangelista Tristan SanDiego,satsumas1954@yahoo.com,943 Gibb Highway,41535,3717 863466 48574,21254,JESUSITA KINNEY,Rachel,SanDiego
mOsE GoRdOn,antifowl1875@gmail.com,1073 Fell Trace,16098,5413 1700 6989 2835,5221,MOSE GORDON,mOsE,GoRdOn
cEsAr vAlEnTiNe,acetaminol1979@yahoo.com,805 Marshall Promenade,99895,5173 4883 9215 4743,8300,CESAR VALENTINE,cEsAr,vAlEnTiNe
eRiCh wOoTeN,commanding1927@gmail.com,239 Mckinley Line,13494,2409 0669 5036 3311,6863,ERICH WOOTEN,eRiCh,wOoTeN
eLiAs aYeRs,breeds1855@gmail.com,1109 Teresita Point,41281,3469 558618 10693,17492,ELIAS AYERS,eLiAs,aYeRs
bOrIs mAcDoNaLd,pronounal1891@yahoo.com,641 Lexington Run,92696,3723 385818 86151,24022,BORIS MACDONALD,bOrIs,mAcDoNaLd
eMiLiO BiRd,blacklegging1855@yahoo.com,222 Moulton Brae,70027,2290 4873 9990 0632,23237,EMILIO BIRD,eMiLiO,BiRd
vInCeNzA PaTeL,octachord1995@yahoo.com,1245 Whiting Parkway,30788,3736 301018 61659,7716,VINCENZA PATEL,vInCeNzA,PaTeL
nOrBeRtO PoLlArD,clarified1907@gmail.com,1362 Fulton Trace,73193,4194 4559 1314 2000,7392,NORBERTO POLLARD,nOrBeRtO,PoLlArD
kRiStEeN HuTcHiNsOn,pachytene1885@live.com,347 Deming Thruway,97440,4699 9501 3316 8645,2807,KRISTEEN HUTCHINSON,kRiStEeN,HuTcHiNsOn
jEsTiNe mCdOwElL,barb2038@yandex.com,1102 Lagunitas Run,69054,5176 9940 4840 8539,8857,JESTINE MCDOWELL,jEsTiNe,mCdOwElL
eMeRsOn hAtFiElD,double2010@yandex.com,446 Bartol Bay,73992,3497 877229 27268,15761,EMERSON HATFIELD,eMeRsOn,hAtFiElD
mArCoS GiLmOrE,occidentalism1859@yahoo.com,1329 Argonaut Esplanade,24929,4244 6172 4853 1393,5057,MARCOS GILMORE,mArCoS,GiLmOrE
mAlIk vElEz,siamese1936@outlook.com,925 Eastwood Stravenue,9986,3703 456661 72094,21045,MALIK VELEZ,mAlIk,vElEz
eStElL McKnIgHt,nonswimming1985@yahoo.com,814 Tompkins Plaza,20396,4891 5856 8926 8179,7078,ESTELL MCKNIGHT,eStElL,McKnIgHt
lIlLa nAvArRo,dockyards2058@yahoo.com,570 Peek Trace,15667,5208 9153 9009 0544,12993,LILLA NAVARRO,lIlLa,nAvArRo
kAlLiE McFaRlAnD,paucity1995@yahoo.com,585 Dock Field,76244,4819 6292 6429 1302,15658,KALLIE MCFARLAND,kAlLiE,McFaRlAnD
iSiAh aLeXaNdEr,pouncing1910@live.com,571 Roscoe Gate,52510,3497 195524 75118,15901,ISIAH ALEXANDER,iSiAh,aLeXaNdEr
rOnNy bOwEn,heft1945@live.com,1156 Fenton Close,17749,3408 704958 51110,13265,RONNY BOWEN,rOnNy,bOwEn
cHaUnCeY RoBlEs,charmian1906@yandex.com,1060 Candlestick Cove Path,26597,5476 2170 9722 0523,12801,CHAUNCEY ROBLES,cHaUnCeY,RoBlEs
tRaViS DaLtOn,curate1853@gmail.com,1072 Franklin Gate,63820,3750 913352 55002,18096,TRAVIS DALTON,tRaViS,DaLtOn
lAnE HoLdEn,concentrate1983@live.com,197 Alana Plantation,25141,4482 7479 4361 7998,20469,LANE HOLDEN,lAnE,HoLdEn
fLaViA RoBeRtSoN,exceptionalness2044@live.com,264 Head Crescent,64162,4752 2321 7533 0753,19976,FLAVIA ROBERTSON,fLaViA,RoBeRtSoN
rOy lEbLaNc,bijou1921@live.com,124 Lake Merced Hill Drive,1027,3788 345883 52472,12517,ROY LEBLANC,rOy,lEbLaNc
pHeBe mIrAnDa,euda1886@yahoo.com,1019 Langdon Boulevard,37828,4267 4742 5832 2608,15826,PHEBE MIRANDA,pHeBe,mIrAnDa
aNnIs cUmMiNgS,batteries2003@outlook.com,624 Dorado Loop,83529,5265 1780 9504 7042,20013,ANNIS CUMMINGS,aNnIs,cUmMiNgS
jAmAaL BrAdLeY,shivarees1849@live.com,873 Hiliritas Concession road,2412,3725 893950 26000,12304,JAMAAL BRADLEY,jAmAaL,BrAdLeY
pAtRiCk bIsHoP,cappadine1872@outlook.com,1353 Wilson Grove,62899,3797 755867 73491,24207,PATRICK BISHOP,pAtRiCk,bIsHoP
sAuL KeLlEr,whigling1917@gmail.com,785 Quincy Row,56051,3470 103707 91841,15398,SAUL KELLER,sAuL,KeLlEr
sAlLeY MaThEwS,goatroot2003@gmail.com,1301 Custer Parade,39948,2432 0243 2680 6910,24385,SALLEY MATHEWS,sAlLeY,MaThEwS
oReThA WoOdWaRd,clinic2014@gmail.com,1353 Rhode Island Wynd,54972,4207 4882 4582 7399,23550,ORETHA WOODWARD,oReThA,WoOdWaRd
mIcHeL SuLlIvAn,kilhig2046@gmail.com,347 Bennington Place,44231,3799 936023 82631,24667,MICHEL SULLIVAN,mIcHeL,SuLlIvAn
mAdElAiNe sAmPsOn,palookas1921@yandex.com,1136 Marsily High Street,10224,3706 805012 22179,4203,MADELAINE SAMPSON,mAdElAiNe,sAmPsOn
rEbEcKa hAyNeS,adolph1964@outlook.com,7 Dorland Alley,96736,5589 7389 1638 8492,22175,REBECKA HAYNES,rEbEcKa,hAyNeS
nOrRiS BaRnEs,scaldy1882@yandex.com,837 Nottingham Point,37207,3712 601237 51134,4263,NORRIS BARNES,nOrRiS,BaRnEs
jEfFiE PhElPs,conceit2002@yahoo.com,1198 Dodge Green,45878,5528 1065 2821 5582,5555,JEFFIE PHELPS,jEfFiE,PhElPs
dAnTe tAnNeR,caribous1858@yahoo.com,809 West Broadway Manor,26132,3765 989663 04205,7888,DANTE TANNER,dAnTe,tAnNeR
bIlL KeItH,astronautic1981@yandex.com,336 Morrell Trace,52596,5406 4397 4016 4883,6487,BILL KEITH,bIlL,KeItH
vInCeNzO MuLlEn,baited1863@yandex.com,983 Eaton Hill,77825,5306 6276 1905 9850,23337,VINCENZO MULLEN,vInCeNzO,MuLlEn
tAnDy oSbOrNe,tonights1933@outlook.com,282 Seneca Line,90037,3738 310947 09299,2073,TANDY OSBORNE,tAnDy,oSbOrNe
rObIn rOgErS,abatis1811@outlook.com,762 Commer Road,22780,3776 017798 49942,24655,ROBIN ROGERS,rObIn,rOgErS
mUrRaY ElLiOtT,ambarella2022@live.com,1284 Newell Private,20476,3483 681346 21939,1788,MURRAY ELLIOTT,mUrRaY,ElLiOtT
rOdRiGo bAtTlE,sexualized1831@yandex.com,769 Hearst Promenade,20991,4698 7041 3335 6887,16596,RODRIGO BATTLE,rOdRiGo,bAtTlE
hErMa hUfF,ravish1900@yandex.com,1396 Valletta Bay,32341,4056 1065 1884 7181,14717,HERMA HUFF,hErMa,hUfF
hAnG KoCh,deifier2004@yandex.com,517 Yacht Viaduct,5851,3757 189454 54720,8907,HANG KOCH,hAnG,KoCh
aLfReDo sAnFoRd,chipmunk1832@yahoo.com,854 Congo Side road,84674,3781 476551 38496,21766,ALFREDO SANFORD,aLfReDo,sAnFoRd
wElDoN HaNcOcK,adamant1834@yandex.com,784 Zeno Manor,35485,2569 2780 9427 4652,17677,WELDON HANCOCK,wElDoN,HaNcOcK
fAuStO StEvEnS,trination2068@outlook.com,264 Potrero Road,40608,2235 7514 6909 5559,10963,FAUSTO STEVENS,fAuStO,StEvEnS
jAcQuIe cErVaNtEs,breakwater1868@gmail.com,156 Codman Sideline,31950,3490 743359 92827,24586,JACQUIE CERVANTES,jAcQuIe,cErVaNtEs
oCtAvIo pUgH,wormer1827@outlook.com,1398 Fell Access Mall,41105,2518 6415 2514 0465,5250,OCTAVIO PUGH,oCtAvIo,pUgH
kAtTiE BuCkLeY,morpho1953@gmail.com,218 Piedmont Street,68323,4822 5070 1679 0562,15940,KATTIE BUCKLEY,kAtTiE,BuCkLeY
wAlTrAuD PrEsToN,consultive1939@yandex.com,1167 Lettuce Route,87940,4901 4746 3862 3065,1970,WALTRAUD PRESTON,wAlTrAuD,PrEsToN
mArInDa dUdLeY,chromomere2058@live.com,1068 Carpenter Nene,92090,4843 0497 9153 2492,15732,MARINDA DUDLEY,mArInDa,dUdLeY
lOwElL VaLeNtInE,preexposes2063@outlook.com,368 Lincoln Ferry,66171,3473 651183 12809,3358,LOWELL VALENTINE,lOwElL,VaLeNtInE
cHi wIlEy,collard2020@live.com,41 Buckingham Circle,68169,3492 615753 54897,21862,CHI WILEY,cHi,wIlEy
wIlEy wEeKs,recharger1846@yandex.com,39 Campus Heights,44112,5325 1382 1210 9305,21183,WILEY WEEKS,wIlEy,wEeKs
ePiFaNiA McInTyRe,keynoted2014@live.com,833 Pollard Boulevard,10709,4732 6674 5613 9214,11884,EPIFANIA MCINTYRE,ePiFaNiA,McInTyRe
eHtEl nOeL,cashana2017@yahoo.com,834 Earl Heights,36720,4075 9372 6648 0115,7401,EHTEL NOEL,eHtEl,nOeL
lAdAwN SaNcHeZ,ateles2009@gmail.com,1041 Bella Vista Promenade,9706,4799 3290 7476 1180,14200,LADAWN SANCHEZ,lAdAwN,SaNcHeZ
sErAfInA ZaMoRa,cigua2027@live.com,1252 Hermann Cove,93078,2471 7890 2311 4634,9880,SERAFINA ZAMORA,sErAfInA,ZaMoRa
eLiNoRe sTePhEnSoN,cheetah2018@yandex.com,789 Letterman Bypass,39070,5342 5966 8189 8782,9140,ELINORE STEPHENSON,eLiNoRe,sTePhEnSoN
tHuRmAn oRr,obsoletes1921@yahoo.com,1178 Vandewater Path,28522,4755 7040 2262 6929,4768,THURMAN ORR,tHuRmAn,oRr
dArWiN WaLkEr,locoed2069@outlook.com,931 Emery Park,85951,4748 5414 3019 7949,8381,DARWIN WALKER,dArWiN,WaLkEr
zAcHaRy mOrSe,chrystal1837@yandex.com,776 Clarendon Circle,79227,5580 1617 3187 0066,21244,ZACHARY MORSE,zAcHaRy,mOrSe
hEe hEnSlEy,nebaliidae1876@outlook.com,309 Dodge Boulevard,47701,3795 057528 18444,18034,HEE HENSLEY,hEe,hEnSlEy
pHeBe hUtChInSoN,disquantity1802@live.com,1035 Pinehurst Glen,1331,4468 3700 9419 9530,11665,PHEBE HUTCHINSON,pHeBe,hUtChInSoN
sHaRdA ChApMaN,anthracnose1841@outlook.com,543 Zanowitz Promenade,17879,5226 5970 8955 6494,5791,SHARDA CHAPMAN,sHaRdA,ChApMaN
gRaNt hErRiNg,seaside1883@live.com,503 Bergen High Street,76369,3419 048089 32884,9210,GRANT HERRING,gRaNt,hErRiNg
dArRiN BaRtLeTt,mayfly1903@yandex.com,296 Ruth Pike,86306,3407 365350 63646,7955,DARRIN BARTLETT,dArRiN,BaRtLeTt
bReT BuTlEr,beylic1844@outlook.com,182 Randolph Plantation,67960,4310 3140 6783 0069,18829,BRET BUTLER,bReT,BuTlEr
jA CrAfT,finch2041@outlook.com,574 Roach Alley,70810,4850 0893 0677 8610,9839,JA CRAFT,jA,CrAfT
bRyAnT McKnIgHt,annoyed2054@live.com,15 Felton Row,26854,3475 838319 26438,23892,BRYANT MCKNIGHT,bRyAnT,McKnIgHt
gWeNdA HaLeY,apolline1844@outlook.com,1129 Palo Alto Place,80135,4479 7058 3301 7948,21763,GWENDA HALEY,gWeNdA,HaLeY
rOsEnDo mErCaDo,ashton1830@gmail.com,930 Ironwood Path,19211,2428 3964 8941 1787,18389,ROSENDO MERCADO,rOsEnDo,mErCaDo
dErRiCk dElAcRuZ,dovelet1813@live.com,537 Harding Avenue,87814,3745 952844 94538,16394,DERRICK DELACRUZ,dErRiCk,dElAcRuZ
dArYl wOnG,rivals1832@gmail.com,638 Augusta Crescent,95436,3773 439333 72137,12640,DARYL WONG,dArYl,wOnG
kEnT WaDe,porpoise1827@live.com,580 Serrano Manor,447,3775 015326 21937,11674,KENT WADE,kEnT,WaDe
cIeRa sElLeRs,nonanarchic2041@gmail.com,725 Barneveld Manor,46005,3405 060086 70254,24326,CIERA SELLERS,cIeRa,sElLeRs
tErReLl rAmSeY,consciousness1931@outlook.com,1133 Costa Alley,43825,5408 2428 3615 4406,21289,TERRELL RAMSEY,tErReLl,rAmSeY
oLiNdA StOkEs,byproducts1960@yahoo.com,1217 Hutchins Ferry,76135,4727 0327 8246 9701,9190,OLINDA STOKES,oLiNdA,StOkEs
oDiS BlAcKwElL,amines1975@gmail.com,380 York Avenue,16354,3412 163043 95494,16006,ODIS BLACKWELL,oDiS,BlAcKwElL
fErNaNdA McCaRtY,cousins1924@gmail.com,617 Commercial Extension,72082,3762 346268 76917,3377,FERNANDA MCCARTY,fErNaNdA,McCaRtY
jOhNnY FoStEr,poephaga1853@live.com,59 Dukes Promenade,62635,5262 6825 3034 2333,13825,JOHNNY FOSTER,jOhNnY,FoStEr
hErScHeL McGeE,eller1996@gmail.com,86 Miller Side road,20605,3445 781140 96050,1131,HERSCHEL MCGEE,hErScHeL,McGeE
rEnAy hArT,peddles2025@live.com,791 Troy Townline,42969,2613 0358 1800 8493,18895,RENAY HART,rEnAy,hArT
eLsY DuDlEy,posadaship2026@live.com,295 Grafton Green,87181,4110 3221 7388 8865,3278,ELSY DUDLEY,eLsY,DuDlEy
aLlEn nEwMaN,exciton1867@live.com,704 Bigelow Stravenue,9252,4296 2923 7047 3702,15768,ALLEN NEWMAN,aLlEn,nEwMaN
kAtLyN SpArKs,detur2023@yahoo.com,1259 Dellbrook Expressway,22658,5548 0512 5986 4743,18561,KATLYN SPARKS,kAtLyN,SpArKs
cHaNg bReWeR,untightened1949@gmail.com,553 Bennington Promenade,54615,3461 529538 56582,20836,CHANG BREWER,cHaNg,bReWeR
dArEn hAlEy,concrete1909@outlook.com,1201 Mint Wynd,62859,3706 624226 90486,19002,DAREN HALEY,dArEn,hAlEy
dElMeR BeCk,demandative1829@yahoo.com,1168 Southard Brae,67885,2442 6485 8353 1676,24540,DELMER BECK,dElMeR,BeCk
tObIaS PeArSoN,arlin2068@gmail.com,1301 Melba Promenade,26050,3478 459127 82794,18707,TOBIAS PEARSON,tObIaS,PeArSoN
aYeShA WeIsS,malarkeys1970@yahoo.com,267 White Trace,4542,5582 5048 5381 8264,17977,AYESHA WEISS,aYeShA,WeIsS
cRyStLe lArSoN,plantula1818@live.com,1317 Cesar Chavez On Brae,74413,3474 949615 85541,5091,CRYSTLE LARSON,cRyStLe,lArSoN
jEtTa dAvEnPoRt,doolittle1818@yandex.com,618 Williams Terrace,73152,4711 5533 4972 2249,16509,JETTA DAVENPORT,jEtTa,dAvEnPoRt
dAlLaS JoHnStOn,mosso1961@live.com,324 Tenny Line,88215,3794 280688 77410,24196,DALLAS JOHNSTON,dAlLaS,JoHnStOn
rObErTo dAuGhErTy,ovenful1914@yandex.com,1058 Marengo Manor,33903,4972 5355 6633 9108,18828,ROBERTO DAUGHERTY,rObErTo,dAuGhErTy
aBeL WaLtErS,esson1909@yandex.com,89 Rivera Bypass,39186,3727 728484 48704,3400,ABEL WALTERS,aBeL,WaLtErS
